{"schemaVersion":"1.0","appDefinitionTemplate":{"id":"/providers/Microsoft.PowerApps/apps/","type":"Microsoft.PowerApps/apps","tags":{"primaryDeviceWidth":"1366","primaryDeviceHeight":"768","sienaVersion":"20220316T204058Z-3.22022.31.0","deviceCapabilities":"","supportsPortrait":"true","supportsLandscape":"true","primaryFormFactor":"Tablet","publisherVersion":"3.22022.31","minimumRequiredApiVersion":"2.2.0","hasComponent":"false","hasUnlockedComponent":"false","isUnifiedRootApp":"false"},"properties":{"appVersion":"2022-03-16T20:40:58Z","lifeCycleId":"Published","createdByClientVersion":{"major":3,"minor":22022,"build":31,"revision":0,"majorRevision":0,"minorRevision":0},"minClientVersion":{"major":3,"minor":22022,"build":31,"revision":0,"majorRevision":0,"minorRevision":0},"backgroundColor":"RGBA(0,176,240,1)","backgroundImageUri":"/1525444291406890143/N286cf853-bfee-4dcd-b915-1e3fc70e7ff0-new_sales_e0e96_BackgroundImageUri","displayName":"Sales","description":"","commitMessage":"","appUris":{"documentUri":{"value":"/1525444291406890143/Nad0a89fc-1452-4fc3-a392-1075c9d57d45-new_sales_e0e96_DocumentUri.msapp"},"imageUris":[]},"createdTime":"0001-01-01T00:00:00Z","lastModifiedTime":"0001-01-01T00:00:00Z","sharedGroupsCount":0,"sharedUsersCount":0,"icons":{"smallIconUri":"/1525444291406890143/Nfe612a6a-be6e-4c62-9c7d-71797f622d25-small.png","mediumIconUri":"/1525444291406890143/Ncf9a1341-dc38-4db1-bf2e-1ac0e6d7a7c7-medium.png","largeIconUri":"/1525444291406890143/N663b4407-23ec-4b19-a447-0279cd834090-large.png","wideIconUri":"/1525444291406890143/N73e204cb-c064-490a-9e43-91a707a30757-wide.png"},"connectionReferences":{"cfa39b96-e7de-49c7-a933-0e3d4152e197":{"id":"74bb5da0-83d1-4e4d-8313-d5408d0ea715","displayName":"SharePoint","iconUri":"https://connectoricons-prod.azureedge.net/releases/v1.0.1554/1.0.1554.2707/sharepointonline/icon.png","dataSources":["Sales List"],"dependencies":[],"dependents":[],"parameterHints":{},"parameterHintsV2":{},"isOnPremiseConnection":false,"bypassConsent":false,"dataSets":{"https://except123.sharepoint.com/sites/SalesTeam":{"dataSources":{"Sales List":{"tableName":"e2946673-1ba1-4645-a77b-362e93cf3a23"}}}},"apiTier":"Standard","isCustomApiConnection":false,"actions":["providers/PowerPlatform.Governance/Operations/Read","providers/PowerPlatform.Governance/Operations/Write"]}},"authorizationReferences":[],"databaseReferences":{},"almMode":"Solution","performanceOptimizationEnabled":true,"executionRestrictions":{"isTeamsOnly":false,"dataLossPreventionEvaluationResult":{"status":"Compliant","lastEvaluationDate":"2022-03-16T20:41:13.834086Z","violations":[],"violationsByPolicy":[],"violationErrorMessage":"The app uses the following connectors: shared_sharepointonline."}}},"isAppComponentLibrary":false,"appType":"ClassicCanvasApp","appComponents":[]}}