{"schemaVersion":"1.0","appDefinitionTemplate":{"id":"/providers/Microsoft.PowerApps/apps/","type":"Microsoft.PowerApps/apps","tags":{"primaryDeviceWidth":"1366","primaryDeviceHeight":"768","sienaVersion":"20220316T204056Z-3.22022.31.0","deviceCapabilities":"","supportsPortrait":"true","supportsLandscape":"true","primaryFormFactor":"Tablet","publisherVersion":"3.22022.31","minimumRequiredApiVersion":"2.2.0","hasComponent":"false","hasUnlockedComponent":"false","isUnifiedRootApp":"false"},"properties":{"appVersion":"2022-03-16T20:40:56Z","lifeCycleId":"Published","createdByClientVersion":{"major":3,"minor":22022,"build":31,"revision":0,"majorRevision":0,"minorRevision":0},"minClientVersion":{"major":3,"minor":22022,"build":31,"revision":0,"majorRevision":0,"minorRevision":0},"backgroundColor":"RGBA(0,176,240,1)","backgroundImageUri":"/18176724998878148707/N486066d3-98a6-4233-acce-eea611a90bc8-new_hotelreservation_d9726_BackgroundImageUri","displayName":"Hotel Reservation","description":"","commitMessage":"","appUris":{"documentUri":{"value":"/18176724998878148707/N193f6a47-eb0a-4ffb-8df1-bebb37c17f52-new_hotelreservation_d9726_DocumentUri.msapp"},"imageUris":[]},"createdTime":"0001-01-01T00:00:00Z","lastModifiedTime":"0001-01-01T00:00:00Z","sharedGroupsCount":0,"sharedUsersCount":0,"icons":{"smallIconUri":"/18176724998878148707/N0be13981-833a-4dae-986f-745e414accfc-small.png","mediumIconUri":"/18176724998878148707/Nf20fdf5e-6365-409c-b236-0d0f5b048d76-medium.png","largeIconUri":"/18176724998878148707/N155f3ce6-a7b3-460c-aded-c0e557dbe047-large.png","wideIconUri":"/18176724998878148707/N58137fbb-090e-4e56-8b58-34e29e07b724-wide.png"},"connectionReferences":{},"authorizationReferences":[],"databaseReferences":{},"almMode":"Solution","performanceOptimizationEnabled":true,"executionRestrictions":{"isTeamsOnly":false,"dataLossPreventionEvaluationResult":{"status":"Compliant","lastEvaluationDate":"2022-03-16T20:41:11.6977908Z","violations":[],"violationsByPolicy":[],"violationErrorMessage":"The app uses the following connectors: ."}}},"isAppComponentLibrary":false,"appType":"ClassicCanvasApp","appComponents":[]}}