{
  "properties": {
    "connectionReferences": {
      "shared_office365": {
        "runtimeSource": "embedded",
        "connection": {},
        "api": {
          "name": "shared_office365"
        }
      },
      "shared_sharepointonline": {
        "runtimeSource": "embedded",
        "connection": {},
        "api": {
          "name": "shared_sharepointonline"
        }
      }
    },
    "definition": {
      "$schema": "https://schema.management.azure.com/providers/Microsoft.Logic/schemas/2016-06-01/workflowdefinition.json#",
      "contentVersion": "1.0.0.0",
      "parameters": {
        "$connections": {
          "defaultValue": {},
          "type": "Object"
        },
        "$authentication": {
          "defaultValue": {},
          "type": "SecureObject"
        }
      },
      "triggers": {
        "When_an_item_is_created_or_modified": {
          "recurrence": {
            "frequency": "Minute",
            "interval": 3
          },
          "splitOn": "@triggerOutputs()?['body/value']",
          "metadata": {
            "operationMetadataId": "013c4393-a866-47f0-82b4-d9972d4797be"
          },
          "type": "OpenApiConnection",
          "inputs": {
            "host": {
              "apiId": "/providers/Microsoft.PowerApps/apis/shared_sharepointonline",
              "connectionName": "shared_sharepointonline",
              "operationId": "GetOnUpdatedItems"
            },
            "parameters": {
              "dataset": "https://freelancer22.sharepoint.com/sites/HotelReservation",
              "table": "e29f51bd-aa21-430d-9028-07607ef114f6"
            },
            "authentication": "@parameters('$authentication')"
          }
        }
      },
      "actions": {
        "Send_an_email_(V2)": {
          "runAfter": {},
          "metadata": {
            "operationMetadataId": "31f7d00e-5d71-4f59-8032-52ad94ef08a2"
          },
          "type": "OpenApiConnection",
          "inputs": {
            "host": {
              "apiId": "/providers/Microsoft.PowerApps/apis/shared_office365",
              "connectionName": "shared_office365",
              "operationId": "SendEmailV2"
            },
            "parameters": {
              "emailMessage/To": "@triggerOutputs()?['body/E_x002d_mailAddress']",
              "emailMessage/Subject": "New Reservation's Registration",
              "emailMessage/Body": "<p><span style=\"font-family: times new roman\"><em>&nbsp;Hello </em></span><span style=\"font-family: times new roman\"><em>@{triggerOutputs()?['body/Title']}</em></span><span style=\"font-family: times new roman\"><em>,<br>\n<br>\nIt's confirmed a new reservation successfully.<br>\nYou can find all your book details.<br>\n<br>\n</em></span><span style=\"font-family: times new roman\"><em><strong>Customer Name &nbsp;&nbsp;: </strong></em></span><span style=\"font-family: times new roman\"><em><strong>@{triggerOutputs()?['body/Title']}</strong></em></span><span style=\"font-family: times new roman\"><em><strong><br>\nRoom Name &nbsp;&nbsp;&nbsp;&nbsp;&nbsp;&nbsp;&nbsp;: &nbsp;</strong></em></span><span style=\"font-family: times new roman\"><em><strong>@{triggerOutputs()?['body/RoomName']}</strong></em></span><span style=\"font-family: times new roman\"><em><strong><br>\nRoom Number &nbsp;&nbsp;&nbsp;&nbsp;: </strong></em></span><span style=\"font-family: times new roman\"><em><strong>@{triggerOutputs()?['body/RoomNumber']}</strong></em></span><span style=\"font-family: times new roman\"><em><strong><br>\nTravelers &nbsp;&nbsp;&nbsp;&nbsp;&nbsp;&nbsp;&nbsp;&nbsp;&nbsp;&nbsp;&nbsp;&nbsp;&nbsp;: </strong></em></span><span style=\"font-family: times new roman\"><em><strong>@{triggerOutputs()?['body/Travelers']}</strong></em></span><span style=\"font-family: times new roman\"><em><strong><br>\n</strong></em></span><span style=\"font-family: times new roman; color: rgb(184,49,47)\"><em><strong>Check-in Date &nbsp;&nbsp;&nbsp;&nbsp;: </strong></em></span><span style=\"font-family: times new roman\"><em><strong>@{triggerOutputs()?['body/Check_x002d_in']}</strong></em></span><span style=\"font-family: times new roman\"><em><strong><br>\n</strong></em></span><span style=\"font-family: times new roman; color: rgb(184,49,47)\"><em><strong>Check-out Date &nbsp;&nbsp;:</strong></em></span><span style=\"font-family: times new roman\"><em><strong> </strong></em></span><span style=\"font-family: times new roman\"><em><strong>@{triggerOutputs()?['body/Check_x002d_out']}</strong></em></span><span style=\"font-family: times new roman\"><em><strong><br>\n</strong></em></span><span style=\"font-family: times new roman\"><em><br>\nThanks for your preferences us.<br>\nWe're looking forward to serving you!</em></span></p>"
            },
            "authentication": "@parameters('$authentication')"
          }
        }
      }
    }
  },
  "schemaVersion": "1.0.0.0"
}